,id,address,coord,district
19,153644,"город Москва, Филипповский переулок, дом 15/5",37.598573 55.75058,"Россия, Москва, Центральный административный округ, район Арбат, 180-й квартал"
61,21214,"город Москва, Бабаевская улица, дом 3",37.689069 55.790595,"Россия, Москва, Восточный административный округ, район Сокольники"
69,22139,"город Москва, 1-й Балтийский переулок, дом 3/25",37.518785 55.810471,"Россия, Москва, Северный административный округ, район Аэропорт"
81,25833,"город Москва, улица Демьяна Бедного, дом 4",37.48693 55.770401,"Россия, Москва, Северо-Западный административный округ, район Хорошёво-Мнёвники"
131,150881,"город Москва, Будайская улица, дом 3",37.665156 55.831903,"Россия, Москва, Северо-Восточный административный округ, район Ростокино"
150,24155,"город Москва, Варсонофьевский переулок, дом 6",37.62572 55.763194,"Россия, Москва, Центральный административный округ, Мещанский район"
179,24646,"город Москва, Верхняя улица, дом 3, корпус 2",37.574911 55.776856,"Россия, Москва, Северный административный округ, район Беговой"
181,20632,"город Москва, Глазовский переулок, дом 5",37.587084 55.743933,"Россия, Москва, Центральный административный округ, район Хамовники, 172-й квартал"
228,25090,"город Москва, Воротниковский переулок, дом 11, строение 1",37.601286 55.770416,"Россия, Москва, Центральный административный округ, Тверской район"
235,25487,"город Москва, 2-й Вышеславцев переулок, дом 17",37.605984 55.790499,"Россия, Москва, Северо-Восточный административный округ, район Марьина Роща"
241,19821,"город Москва, Гвардейская улица, дом 15, корпус 1",37.423204 55.724789,"Россия, Москва, Западный административный округ, Можайский район, 75-й квартал Кунцева"
251,27658,"город Москва, Глебовская улица, дом 10",37.715525 55.813202,"Россия, Москва, Восточный административный округ, район Богородское"
308,27591,"город Москва, улица Девятая Рота, дом 14",37.712596 55.791142,"Россия, Москва, Восточный административный округ, район Преображенское"
350,68203,"город Москва, улица Генерала Ермолова, дом 4",37.518057 55.73479,"Россия, Москва, Западный административный округ, район Дорогомилово"
352,25330,"город Москва, улица Жебрунова, дом 4",37.678424 55.784997,"Россия, Москва, Восточный административный округ, район Сокольники"
354,28847,"город Москва, улица Бориса Жигулёнкова, дом 15",37.732979 55.773586,"Россия, Москва, Восточный административный округ, район Соколиная Гора"
359,22376,"город Москва, улица Жуковского, дом 5",37.64542 55.763776,"Россия, Москва, Центральный административный округ, Басманный район"
437,20733,"город Москва, 2-й Колобовский переулок, дом 12",37.616467 55.769276,"Россия, Москва, Центральный административный округ, Тверской район"
463,152097,"город Москва, Кооперативная улица, дом 2, корпус 13",37.566117 55.72487,"Россия, Москва, Центральный административный округ, район Хамовники, 475-й квартал"
520,79517,"город Москва, 1-й Обыденский переулок, дом 9/12",37.602256 55.743005,"Россия, Москва, Центральный административный округ, район Хамовники, 143-й квартал"
522,79562,"город Москва, Кунцевская улица, дом 10",37.412981 55.731288,"Россия, Москва, Западный административный округ, район Кунцево"
538,28857,"город Москва, улица Лапина, дом 3",37.712704 55.756391,"Россия, Москва, Юго-Восточный административный округ, район Лефортово, 4-й микрорайон"
540,20804,"город Москва, Малый Лёвшинский переулок, дом 14/9, строение 1",37.589536 55.742514,"Россия, Москва, Центральный административный округ, район Хамовники, 157-й квартал"
627,24319,"город Москва, Лужнецкий проезд, дом 1",37.560395 55.725392,"Россия, Москва, Центральный административный округ, район Хамовники, 527-й квартал"
642,153381,"город Москва, Малый Знаменский переулок, дом 7/10, строение 2",37.604978 55.748285,"Россия, Москва, Центральный административный округ, район Хамовники, 34-й квартал"
711,21002,"город Москва, Мирской переулок, дом 5",37.565919 55.796982,"Россия, Москва, Северный административный округ, Савёловский район"
713,26252,"город Москва, 2-й Верхний Михайловский проезд, дом 2",37.605113 55.709551,"Россия, Москва, Южный административный округ, Донской район"
737,24654,"город Москва, Большой Афанасьевский переулок, дом 3, строение 3",37.59692 55.745149,"Россия, Москва, Центральный административный округ, район Хамовники, 164-й квартал"
742,24601,"город Москва, Нагорный бульвар, дом 5, корпус 1",37.59383 55.673844,"Россия, Москва, Юго-Западный административный округ, район Котловка"
756,137544,"город Москва, Звонарский переулок, дом 5",37.621947 55.764663,"Россия, Москва, Центральный административный округ, Мещанский район"
757,69302,"город Москва, Нижний Кисельный переулок, дом 3, строение 1",37.621408 55.765397,"Россия, Москва, Центральный административный округ, Мещанский район"
779,124526,"город Москва, 1-й Новокузнецкий переулок, дом 5-7",37.632305 55.734679,"Россия, Москва, Центральный административный округ, район Замоскворечье"
783,27483,"город Москва, Новосибирская улица, дом 8",37.821167 55.815752,"Россия, Москва, Восточный административный округ, район Гольяново"
895,20048,"город Москва, улица Пивченкова, дом 7",37.475576 55.73552,"Россия, Москва, Западный административный округ, район Фили-Давыдково"
899,23980,"город Москва, Платовская улица, дом 4",37.555193 55.744799,"Россия, Москва, Западный административный округ, район Дорогомилово"
908,25694,"город Москва, 3-й проезд Подбельского, дом 22, корпус 3",37.723187 55.81913,"Россия, Москва, Восточный административный округ, район Богородское"
910,156679,"город Москва, Подсосенский переулок, дом 8, строение 2",37.649966 55.758301,"Россия, Москва, Центральный административный округ, Басманный район"
990,20381,"город Москва, улица Рогожский Посёлок, дом 3",37.70072 55.737897,"Россия, Москва, Юго-Восточный административный округ, Нижегородский район, 77-й квартал Хохловки"
1062,141385,"город Москва, 1-й Сетуньский проезд, дом 10",37.539078 55.73223,"Россия, Москва, Западный административный округ, район Раменки, микрорайон Сетунь"
1113,22203,"город Москва, 2-й Стрелецкий проезд, дом 7",37.605777 55.797326,"Россия, Москва, Северо-Восточный административный округ, район Марьина Роща"
1147,29423,"город Москва, Таганрогская улица, дом 7",37.755239 55.680488,"Россия, Москва, Юго-Восточный административный округ, район Люблино"
1163,21439,"город Москва, Тенистый проезд, дом 8",37.640246 55.861105,"Россия, Москва, Северо-Восточный административный округ, район Свиблово"
1219,146370,"город Москва, Малый Николопесковский переулок, дом 9/1, строение 2",37.59118 55.751001,"Россия, Москва, Центральный административный округ, район Арбат"
1273,21569,"город Москва, 2-й Хуторской переулок, дом 4/13",37.577157 55.806125,"Россия, Москва, Северный административный округ, Савёловский район"
1404,87543,"город Москва, Яузский бульвар, дом 14/8",37.643615 55.75095,"Россия, Москва, Центральный административный округ, Таганский район"
1426,82532,"город Москва, Будайский проезд, дом 8",37.668767 55.836064,"Россия, Москва, Северо-Восточный административный округ, район Ростокино"
1432,20865,"город Москва, Международная улица, дом 15",37.684811 55.745635,"Россия, Москва, Центральный административный округ, Таганский район"
1456,134075,"город Москва, Новолучанская улица, дом 22, строение 1",37.35954 55.790403,"Россия, Москва, Западный административный округ, район Кунцево"
1466,25989,"город Москва, Ащеулов переулок, дом 9",37.634613 55.767701,"Россия, Москва, Центральный административный округ, Красносельский район"
1491,25349,"Поречная улица, дом 5/14, строение 1",37.752957 55.644887,"Россия, Москва, Юго-Восточный административный округ, район Марьино, микрорайон Марьинский Парк"
1537,20415,"город Москва, улица Академика Семёнова, дом 3",37.511544 55.543516,"Россия, Москва, Юго-Западный административный округ, район Южное Бутово, микрорайон В"
1574,157025,"город Москва, Кривоарбатский переулок, дом 16/22",37.588431 55.747718,"Россия, Москва, Центральный административный округ, район Арбат, 176-й квартал"
1592,26993,"город Москва, 1-я линия Хорошёвского Серебряного Бора, домовладение 10, строение 1",37.443955 55.784379,"Россия, Москва, Северо-Западный административный округ, район Хорошёво-Мнёвники"
1633,25165,"город Москва, 1-й Зачатьевский переулок, дом 4",37.604169 55.739716,"Россия, Москва, Центральный административный округ, район Хамовники, 139-й квартал"
1646,68324,"город Москва, Старомонетный переулок, дом 18",37.618507 55.739727,"Россия, Москва, Центральный административный округ, район Якиманка"
1654,22043,"город Москва, 2-й Щемиловский переулок, дом 4",37.608365 55.776826,"Россия, Москва, Центральный административный округ, Тверской район"
1667,75223,"город Москва, 2-й Полевой переулок, дом 2",37.68111 55.792179,"Россия, Москва, Восточный административный округ, район Сокольники"
1687,111078,"город Москва, улица Васильцовский Стан, дом 5, корпус 1",37.750712 55.713826,"Россия, Москва, Юго-Восточный административный округ, Рязанский район"
1756,22808,"город Москва, Иваньковское шоссе, дом 5",37.465892 55.819949,"Россия, Москва, Северо-Западный административный округ, район Покровское-Стрешнево"
1781,24748,"город Москва, Петровско-Разумовская аллея, дом 10, корпус 3",37.560574 55.793693,"Россия, Москва, Северный административный округ, район Аэропорт"
1847,24743,"город Москва, 2-й Неопалимовский переулок, дом 3",37.582484 55.739336,"Россия, Москва, Центральный административный округ, район Хамовники, 550-й квартал"
1892,124295,"город Москва, поселение Филимонковское, деревня Верхнее Валуево, дом 21А",37.351213 55.577276,"Россия, Москва, поселение Филимонковское, квартал № 90"
1909,27568,"город Москва, Конаковский проезд, дом 5",37.481145 55.845895,"Россия, Москва, Северный административный округ, Головинский район"
1915,27436,"город Москва, Янтарный проезд, дом 2",37.691647 55.872794,"Россия, Москва, Северо-Восточный административный округ, Лосиноостровский район"
1918,27896,"город Москва, Авиационный переулок, дом 5",37.53879 55.800215,"Россия, Москва, Северный административный округ, район Аэропорт"
1934,21437,"город Москва, 3-я Новоостанкинская улица, дом 6",37.626654 55.817537,"Россия, Москва, Северо-Восточный административный округ, Останкинский район"
1955,25970,"город Москва, Докучаев переулок, дом 6, строение 2",37.64401 55.773434,"Россия, Москва, Центральный административный округ, Красносельский район"
1964,28254,"город Москва, Фармацевтический проезд, дом 1",37.513997 55.832955,"Россия, Москва, Северный административный округ, район Коптево"
1969,153599,"город Москва, Большой Предтеченский переулок, дом 15/8, строение 1",37.56741 55.759446,"Россия, Москва, Центральный административный округ, Пресненский район"
1976,29144,"город Москва, Столовый переулок, дом 10/2, строение 1",37.594755 55.756756,"Россия, Москва, Центральный административный округ, Пресненский район"
2022,27183,"город Москва, Соймоновский проезд, дом 5",37.604358 55.743233,"Россия, Москва, Центральный административный округ, район Хамовники, 144-й квартал"
2029,22627,"город Москва, Малый Власьевский переулок, дом 12, строение 2",37.593875 55.74675,"Россия, Москва, Центральный административный округ, район Хамовники, 165-й квартал"
2041,22670,"город Москва, Богоявленский переулок, дом 6, строение 2",37.623492 55.755596,"Россия, Москва, Центральный административный округ, Тверской район"
2069,137801,"город Москва, Малый Татарский переулок, дом 8, строение 1",37.632251 55.737968,"Россия, Москва, Центральный административный округ, район Замоскворечье"
2070,28552,"город Москва, 2-й Новокузнецкий переулок, дом 13/15, строение 1",37.631775 55.734004,"Россия, Москва, Центральный административный округ, район Замоскворечье"
2073,140795,"город Москва, 1-й Люсиновский переулок, дом 3Б",37.621687 55.727506,"Россия, Москва, Центральный административный округ, район Замоскворечье"
2103,22220,"город Москва, Лениногорская улица, дом 32, строение 1",37.865265 55.698777,"Россия, Москва, Восточный административный округ, район Косино-Ухтомский, посёлок Ухтомский"
2104,147961,"город Москва, Прокатная улица, дом 7",37.836645 55.760114,"Россия, Москва, Восточный административный округ, район Ивановское"
2186,21525,"город Москва, улица Гончарова, дом 15Б",37.586823 55.817668,"Россия, Москва, Северо-Восточный административный округ, Бутырский район"
2197,28801,"город Москва, Вербная улица, дом 4, строение 1",37.776745 55.824319,"Россия, Москва, Восточный административный округ, район Метрогородок"
2202,29239,"город Москва, Большая Ширяевская улица, дом 11",37.687722 55.809332,"Россия, Москва, Восточный административный округ, район Сокольники"
2208,21399,"город Москва, улица Гамалеи, дом 17, корпус 1",37.457124 55.800195,"Россия, Москва, Северо-Западный административный округ, район Щукино"
2243,29142,"город Москва, Хлыновский тупик, дом 3, строение 1",37.602957 55.758296,"Россия, Москва, Центральный административный округ, Пресненский район"
2260,152523,"город Москва, Хлебный переулок, дом 2/3, строение 3",37.597648 55.754664,"Россия, Москва, Центральный административный округ, Пресненский район, 207-й квартал"
2365,27860,"город Москва, Гольяновская улица, дом 7А, строение 1",37.712012 55.774862,"Россия, Москва, Центральный административный округ, Басманный район, 1139-й квартал"
2369,27343,"город Москва, Лефортовский переулок, дом 8, строение 1",37.677373 55.769732,"Россия, Москва, Центральный административный округ, Басманный район"
2407,150892,"город Москва, Средний Кондратьевский переулок, дом 8А",37.577939 55.772725,"Россия, Москва, Центральный административный округ, Пресненский район"
2409,150890,"город Москва, улица Подвойского, дом 2",37.536463 55.758939,"Россия, Москва, Центральный административный округ, Пресненский район"
2430,20119,"город Москва, Изваринская улица, дом 4, корпус 1",37.251338 55.612863,"Россия, Москва, Западный административный округ, район Внуково, микрорайон Северо-Западный"
2431,19822,"город Москва, Дивизионная улица, дом 4",37.261831 55.611694,"Россия, Москва, Западный административный округ, район Внуково"
2451,29188,"город Москва, Пулковская улица, дом 6",37.487793 55.844935,"Россия, Москва, Северный административный округ, Головинский район"
2504,29350,"город Москва, 3-й Дорожный проезд, дом 6А",37.614806 55.599967,"Россия, Москва, Южный административный округ, район Чертаново Южное"
2518,26715,"город Москва, Кожевнический проезд, дом 4/5, строение 5",37.644773 55.730502,"Россия, Москва, Центральный административный округ, район Замоскворечье"
2528,24635,"город Москва, улица Рокотова, дом 2А",37.554906 55.612004,"Россия, Москва, Юго-Западный административный округ, район Ясенево"
2568,26686,"город Москва, Ясногорская улица, дом 2",37.536392 55.610194,"Россия, Москва, Юго-Западный административный округ, район Ясенево"
2609,21495,"город Москва, улица Ремизова, дом 12",37.601573 55.675306,"Россия, Москва, Юго-Западный административный округ, район Котловка"
2615,29377,"город Москва, Большая Юшуньская улица, дом 14",37.590452 55.64795,"Россия, Москва, Юго-Западный административный округ, район Зюзино"
2638,27566,"город Москва, Солнечногорский проезд, дом 7А",37.52466 55.859165,"Россия, Москва, Северный административный округ, Головинский район"
2667,21273,"город Москва, Стандартная улица, дом 4А",37.572351 55.882868,"Россия, Москва, Северо-Восточный административный округ, Алтуфьевский район"
2679,21390,"город Москва, 2-я Сокольническая улица, дом 3",37.683634 55.787928,"Россия, Москва, Восточный административный округ, район Сокольники"
2683,29541,"город Москва, 2-я Гражданская улица, дом 8",37.701062 55.813647,"Россия, Москва, Восточный административный округ, район Богородское"
2685,29543,"город Москва, Андреево-Забелинская улица, дом 28",37.71071 55.81561,"Россия, Москва, Восточный административный округ, район Богородское"
2690,73010,"город Москва, Миллионная улица, дом 5",37.697963 55.816252,"Россия, Москва, Восточный административный округ, район Богородское"
2699,21577,"город Москва, Алымов переулок, дом 15",37.712461 55.807193,"Россия, Москва, Восточный административный округ, район Богородское"
2700,21575,"город Москва, 5-й проезд Подбельского, дом 2",37.728685 55.817314,"Россия, Москва, Восточный административный округ, район Богородское"
2712,28576,"город Москва, Линейный проезд, дом 11",37.573474 55.842292,"Россия, Москва, Северный административный округ, Тимирязевский район"
2713,29201,"город Москва, Икшинская улица, дом 12",37.537425 55.886276,"Россия, Москва, Северный административный округ, Дмитровский район, 18-й микрорайон"
2714,28681,"город Москва, улица Немчинова, дом 8",37.567491 55.823955,"Россия, Москва, Северный административный округ, Тимирязевский район"
2726,29196,"город Москва, Вагоноремонтная улица, дом 15А",37.532762 55.896413,"Россия, Москва, Северный административный округ, Дмитровский район, 15-й микрорайон"
2727,29490,"город Москва, Бескудниковский проезд, дом 4А",37.55452 55.874905,"Россия, Москва, Северный административный округ, Бескудниковский район, 4-й микрорайон"
2728,29493,"город Москва, Бескудниковский переулок, дом 4А",37.556882 55.862868,"Россия, Москва, Северный административный округ, Бескудниковский район, 5-й микрорайон"
2736,21387,"город Москва, Астрадамский проезд, дом 5",37.560431 55.812651,"Россия, Москва, Северный административный округ, Тимирязевский район"
2737,29198,"город Москва, Карельский бульвар, дом 20",37.538018 55.895454,"Россия, Москва, Северный административный округ, Дмитровский район, 16-й микрорайон"
2741,22454,"город Москва, Живарев переулок, дом 8, строение 3",37.643552 55.776634,"Россия, Москва, Центральный административный округ, Красносельский район"
2751,27405,"город Москва, Скорняжный переулок, дом 3, строение 1",37.642339 55.773256,"Россия, Москва, Центральный административный округ, Красносельский район"
2754,83649,"город Москва, 1-й Коптельский переулок, дом 2/7, строение 1",37.637847 55.772507,"Россия, Москва, Центральный административный округ, Красносельский район"
2782,20967,"город Москва, Тимирязевский проезд, дом 2",37.552085 55.833976,"Россия, Москва, Северный административный округ, Тимирязевский район"
2794,21282,"город Москва, Чуксин тупик, дом 6",37.557277 55.806985,"Россия, Москва, Северный административный округ, Тимирязевский район"
2842,76888,"город Москва, Институтский переулок, дом 2",37.614545 55.784415,"Россия, Москва, Северо-Восточный административный округ, район Марьина Роща"
2852,152179,"город Москва, улица Достоевского, дом 25, строение 1",37.606784 55.783818,"Россия, Москва, Центральный административный округ, Тверской район"
2894,140177,"город Москва, улица Фонвизина, дом 17",37.586994 55.821092,"Россия, Москва, Северо-Восточный административный округ, Бутырский район"
2926,76244,"город Москва, Делегатская улица, дом 7, строение 1",37.612057 55.775869,"Россия, Москва, Центральный административный округ, Тверской район"
2937,23288,"город Москва, 2-й Сетуньский проезд, дом 9",37.533005 55.73072,"Россия, Москва, Западный административный округ, район Раменки, микрорайон Сетунь"
2956,28669,"город Москва, Песчаный переулок, дом 6",37.508418 55.799684,"Россия, Москва, Северный административный округ, район Сокол"
2965,21426,"город Москва, Прибрежный проезд, дом 12",37.465263 55.873405,"Россия, Москва, Северный административный округ, район Левобережный"
2997,83284,"город Москва, 3-я Подрезковская улица, дом 14, строение 2",37.356091 55.940573,"Россия, Москва, Северный административный округ, Молжаниновский район, посёлок Новоподрезково"
3011,21421,"город Москва, переулок Расковой, дом 14А",37.576331 55.78645,"Россия, Москва, Северный административный округ, район Беговой"
3025,23669,"город Москва, Родниковая улица, дом 20, корпус 1",37.380992 55.634278,"Россия, Москва, Западный административный округ, район Солнцево, посёлок Западный"
3037,29074,"город Москва, Большая Бутовская улица, дом 9",37.581855 55.543318,"Россия, Москва, Юго-Западный административный округ, район Южное Бутово"
3042,29008,"город Москва, Фруктовая улица, дом 9",37.612308 55.658439,"Россия, Москва, Южный административный округ, Нагорный район"
3045,140413,"город Москва, Черниговский переулок, дом 9/13, строение 2",37.625981 55.743497,"Россия, Москва, Центральный административный округ, район Замоскворечье"
3053,20966,"город Москва, Полтавская улица, дом 3",37.573088 55.793677,"Россия, Москва, Северный административный округ, Савёловский район"
3066,28222,"город Москва, Пыжёвский переулок, дом 5, строение 1",37.622306 55.738982,"Россия, Москва, Центральный административный округ, район Якиманка"
3071,28108,"город Москва, улица Академика Петровского, дом 10",37.60735 55.718953,"Россия, Москва, Южный административный округ, Донской район"
3123,20879,"город Москва, Нелидовская улица, дом 10, строение 1",37.442949 55.846067,"Россия, Москва, Северо-Западный административный округ, район Южное Тушино"
3124,73079,"город Москва, 1-й Тушинский проезд, дом 12",37.418308 55.833809,"Россия, Москва, Северо-Западный административный округ, район Покровское-Стрешнево"
3127,90766,"город Москва, проезд Досфлота, дом 2, строение 1",37.459235 55.840841,"Россия, Москва, Северо-Западный административный округ, район Южное Тушино"
3143,23366,"город Москва, Врачебный проезд, дом 12",37.458984 55.813642,"Россия, Москва, Северо-Западный административный округ, район Покровское-Стрешнево"
3162,20938,"город Москва, 3-й Стрелецкий проезд, дом 3",37.6047 55.795357,"Россия, Москва, Северо-Восточный административный округ, район Марьина Роща"
3199,27284,"город Москва, Попов проезд, дом 2",37.697442 55.783185,"Россия, Москва, Восточный административный округ, район Сокольники, 5-й микрорайон"
3201,75004,"город Москва, 1-я Боевская улица, дом 6",37.692815 55.791805,"Россия, Москва, Восточный административный округ, район Сокольники"
3220,27588,"город Москва, 2-я улица Бухвостова, дом 6",37.707557 55.798161,"Россия, Москва, Восточный административный округ, район Преображенское"
3235,152444,"город Москва, Сретенский тупик, дом 5",37.633841 55.771327,"Россия, Москва, Центральный административный округ, Красносельский район"
3254,27389,"город Москва, улица Маршала Новикова, дом 13",37.463143 55.803074,"Россия, Москва, Северо-Западный административный округ, район Щукино"
3256,27349,"город Москва, Новохорошёвский проезд, дом 12",37.496075 55.779656,"Россия, Москва, Северо-Западный административный округ, район Хорошёво-Мнёвники"
3276,152133,"город Москва, 1-й Басманный переулок, дом 3, строение 1",37.662838 55.770785,"Россия, Москва, Центральный административный округ, Красносельский район"
3289,126032,"город Москва, Стромынский переулок, дом 4",37.694055 55.793085,"Россия, Москва, Восточный административный округ, район Сокольники"
3296,25298,"город Москва, Заводской проезд, дом 25",37.789663 55.790241,"Россия, Москва, Восточный административный округ, район Измайлово"
3301,28548,"город Москва, Лечебная улица, дом 20",37.740812 55.78978,"Россия, Москва, Восточный административный округ, район Соколиная Гора"
3320,28546,"город Москва, Кирпичная улица, дом 18",37.728326 55.776755,"Россия, Москва, Восточный административный округ, район Соколиная Гора"
3332,21274,"город Москва, Стрелецкая улица, дом 2, строение 1",37.597818 55.795545,"Россия, Москва, Северо-Восточный административный округ, район Марьина Роща"
3336,28839,"город Москва, 11-я Парковая улица, дом 50",37.806299 55.807294,"Россия, Москва, Восточный административный округ, район Северное Измайлово"
3338,29234,"город Москва, 14-я Парковая улица, дом 4Б",37.816612 55.789932,"Россия, Москва, Восточный административный округ, район Восточное Измайлово"
3345,21453,"город Москва, улица Благуша, дом 6",37.723663 55.780532,"Россия, Москва, Восточный административный округ, район Соколиная Гора, микрорайон Дружба"
3349,27399,"город Москва, Штурвальная улица, дом 7, корпус 2",37.444018 55.848316,"Россия, Москва, Северо-Западный административный округ, район Южное Тушино"
3350,20931,"город Москва, Минаевский переулок, дом 2",37.602813 55.789218,"Россия, Москва, Северо-Восточный административный округ, район Марьина Роща"
3359,146703,"город Москва, Щёлковский проезд, дом 13",37.777158 55.807122,"Россия, Москва, Восточный административный округ, район Северное Измайлово"
3360,22224,"город Москва, Мажоров переулок, дом 5",37.711518 55.78237,"Россия, Москва, Восточный административный округ, район Соколиная Гора"
3367,73308,"город Москва, Измайловская площадь, дом 1А",37.775981 55.79266,"Россия, Москва, Восточный административный округ, район Измайлово"
3371,27633,"город Москва, Елоховский проезд, дом 1, строение 5",37.672666 55.772998,"Россия, Москва, Центральный административный округ, Басманный район"
3375,21367,"город Москва, Рубцов переулок, дом 10/14",37.691638 55.772861,"Россия, Москва, Центральный административный округ, Басманный район"
3380,21369,"город Москва, Кондрашёвский тупик, дом 3А",37.687973 55.768851,"Россия, Москва, Центральный административный округ, Басманный район"
3381,27855,"город Москва, Плетешковский переулок, дом 2",37.674409 55.771408,"Россия, Москва, Центральный административный округ, Басманный район"
3388,29148,"город Москва, улица Николаева, дом 5",37.568138 55.756523,"Россия, Москва, Центральный административный округ, Пресненский район"
3391,21035,"город Москва, Триумфальная площадь, дом 2, строение 1",37.595402 55.768264,"Россия, Москва, Центральный административный округ, Тверской район"
3392,20642,"город Москва, 2-й Магистральный тупик, дом 5А",37.524228 55.767332,"Россия, Москва, Северный административный округ, Хорошёвский район"
3465,21280,"город Москва, 2-й Боткинский проезд, дом 5, корпус 28",37.548456 55.78074,"Россия, Москва, Северный административный округ, район Беговой"
3527,21030,"город Москва, Мамоновский переулок, дом 10, строение 1",37.599876 55.766228,"Россия, Москва, Центральный административный округ, Тверской район"
3529,22576,"город Москва, Дегтярный переулок, дом 6, строение 1",37.603684 55.768547,"Россия, Москва, Центральный административный округ, Тверской район"
3530,25096,"город Москва, Глинищевский переулок, дом 3",37.609775 55.763265,"Россия, Москва, Центральный административный округ, Тверской район"
3597,26857,"город Москва, 3-я Песчаная улица, дом 2",37.51785 55.792645,"Россия, Москва, Северный административный округ, Хорошёвский район"
3619,154224,"город Москва, 1-й Монетчиковский переулок, дом 5, строение 1",37.628316 55.732256,"Россия, Москва, Центральный административный округ, район Замоскворечье"
3621,142570,"город Москва, улица Малая Ордынка, дом 24",37.625208 55.735459,"Россия, Москва, Центральный административный округ, район Замоскворечье"
3624,29577,"город Москва, Хавская улица, дом 15",37.614276 55.713446,"Россия, Москва, Южный административный округ, Даниловский район"
3630,129451,"город Москва, Жуков проезд, дом 8, строение 3",37.646229 55.721975,"Россия, Москва, Южный административный округ, Даниловский район"
3633,141361,"город Москва, Средний Овчинниковский переулок, дом 1, строение 13",37.630652 55.745134,"Россия, Москва, Центральный административный округ, район Замоскворечье"
3639,21582,"город Москва, 5-й Рощинский проезд, дом 4",37.612173 55.710626,"Россия, Москва, Южный административный округ, Даниловский район"
3642,19883,"город Москва, улица Богданова, дом 56Б",37.392661 55.647686,"Россия, Москва, Западный административный округ, район Солнцево, 6-й микрорайон"
3652,23673,"город Москва, Наро-Фоминская улица, дом 1",37.390604 55.657733,"Россия, Москва, Западный административный округ, район Солнцево, 3-й микрорайон"
3653,23662,"город Москва, улица Щорса, дом 5",37.407681 55.646492,"Россия, Москва, Западный административный округ, район Солнцево, 5-й микрорайон"
3670,69444,"город Москва, Сверчков переулок, дом 8, строение 1",37.639878 55.760226,"Россия, Москва, Центральный административный округ, Басманный район"
3701,156723,"город Москва, Малый Каретный переулок, дом 11, строение 2",37.614806 55.771327,"Россия, Москва, Центральный административный округ, Тверской район"
3713,23514,"город Москва, проектируемый проезд № 1980, дом 4",37.43728 55.67225,"Россия, Москва, Западный административный округ, район Очаково-Матвеевское"
3754,29173,"город Москва, Костомаровская набережная, дом 29, строение 1",37.668695 55.750428,"Россия, Москва, Центральный административный округ, Таганский район"
3755,27019,"город Москва, 1-й Краснокурсантский проезд, дом 1/4",37.689761 55.758149,"Россия, Москва, Юго-Восточный административный округ, район Лефортово"
3756,27859,"город Москва, Мрузовский переулок, дом 11, строение 1",37.66742 55.757445,"Россия, Москва, Центральный административный округ, Басманный район"
3760,152836,"город Москва, Петроверигский переулок, дом 4, строение 1",37.636608 55.756791,"Россия, Москва, Центральный административный округ, Басманный район"
3763,21365,"город Москва, Большой Трёхсвятительский переулок, дом 4",37.646049 55.754978,"Россия, Москва, Центральный административный округ, Басманный район"
3765,21373,"город Москва, Большой Казённый переулок, дом 9",37.655634 55.760373,"Россия, Москва, Центральный административный округ, Басманный район"
3766,28859,"город Москва, Таможенный проезд, дом 4",37.67917 55.751852,"Россия, Москва, Юго-Восточный административный округ, район Лефортово"
3768,28861,"город Москва, Верхний Золоторожский переулок, дом 2",37.679287 55.750388,"Россия, Москва, Юго-Восточный административный округ, район Лефортово"
3775,28863,"город Москва, Шепелюгинская улица, дом 21/13, строение 1",37.703631 55.745144,"Россия, Москва, Юго-Восточный административный округ, район Лефортово, 8-й микрорайон"
3776,28860,"город Москва, Лонгиновская улица, дом 6",37.711455 55.767372,"Россия, Москва, Юго-Восточный административный округ, район Лефортово, 2-й микрорайон"
3784,153726,"город Москва, Несвижский переулок, дом 3",37.588081 55.731764,"Россия, Москва, Центральный административный округ, район Хамовники, 454-й квартал"
3841,153404,"город Москва, Хилков переулок, дом 3А",37.598079 55.737193,"Россия, Москва, Центральный административный округ, район Хамовники, 133-й квартал"
3844,152202,"город Москва, Малый Саввинский переулок, дом 8",37.562137 55.731054,"Россия, Москва, Центральный административный округ, район Хамовники"
3852,153436,"город Москва, улица Савельева, дом 5",37.562892 55.722482,"Россия, Москва, Центральный административный округ, район Хамовники, 480-й квартал"
3853,153380,"город Москва, переулок Хользунова, дом 8",37.580499 55.730096,"Россия, Москва, Центральный административный округ, район Хамовники, 461-й квартал"
3872,153406,"город Москва, 2-й Обыденский переулок, дом 9",37.603505 55.741333,"Россия, Москва, Центральный административный округ, район Хамовники, 141-й квартал"
3875,150573,"город Москва, Хитровский переулок, дом 3/1, строение 4",37.643363 55.753402,"Россия, Москва, Центральный административный округ, Басманный район"
3891,28416,"город Москва, Андроньевская площадь, дом 5/9",37.669477 55.747211,"Россия, Москва, Центральный административный округ, Таганский район"
3910,151761,"город Москва, Хохловский переулок, дом 10, строение 6",37.644091 55.755925,"Россия, Москва, Центральный административный округ, Басманный район"
3954,28810,"город Москва, Союзный проспект, дом 2",37.80338 55.750459,"Россия, Москва, Восточный административный округ, район Новогиреево"
3975,28809,"город Москва, Утренняя улица, дом 12",37.792753 55.74747,"Россия, Москва, Восточный административный округ, район Новогиреево"
3994,28806,"город Москва, улица Алексея Дикого, дом 18А",37.810557 55.746375,"Россия, Москва, Восточный административный округ, район Новогиреево"
4134,29155,"город Москва, 1-й Котельнический переулок, дом 5, строение 2",37.645375 55.74371,"Россия, Москва, Центральный административный округ, Таганский район"
4156,21583,"город Москва, 1-й Кожуховский проезд, дом 17",37.663925 55.70807,"Россия, Москва, Южный административный округ, Даниловский район"
4157,28996,"город Москва, Высокая улица, дом 6",37.654385 55.679052,"Россия, Москва, Южный административный округ, район Нагатино-Садовники, 2-й квартал Нагатина"
4171,147916,"город Москва, Гончарная набережная, дом 9/16, строение 3",37.64869 55.737481,"Россия, Москва, Центральный административный округ, Таганский район"
4176,150827,"город Москва, улица Малые Каменщики, дом 18",37.654188 55.735555,"Россия, Москва, Центральный административный округ, Таганский район"
4185,29309,"город Москва, 3-й Кожуховский проезд, дом 3А",37.675289 55.70777,"Россия, Москва, Юго-Восточный административный округ, Южнопортовый район"
4197,82524,"город Москва, 2-й Сельскохозяйственный проезд, дом 4, строение 1",37.642186 55.833648,"Россия, Москва, Северо-Восточный административный округ, район Ростокино"
4199,28270,"город Москва, Магаданская улица, дом 9",37.684138 55.877859,"Россия, Москва, Северо-Восточный административный округ, Лосиноостровский район"
4208,28706,"город Москва, Печорская улица, дом 18",37.657269 55.865869,"Россия, Москва, Северо-Восточный административный округ, Бабушкинский район"
4209,27468,"город Москва, улица Ротерта, дом 5",37.724238 55.874137,"Россия, Москва, Северо-Восточный административный округ, Ярославский район"
4214,27438,"город Москва, 2-я Напрудная улица, дом 17",37.688782 55.87944,"Россия, Москва, Северо-Восточный административный округ, Лосиноостровский район"
4217,28705,"город Москва, Радужная улица, дом 7",37.668426 55.859266,"Россия, Москва, Северо-Восточный административный округ, Бабушкинский район"
4219,28701,"город Москва, Олонецкий проезд, дом 6",37.662946 55.874279,"Россия, Москва, Северо-Восточный административный округ, Бабушкинский район"
4220,28697,"город Москва, улица Рудневой, дом 10",37.677041 55.866586,"Россия, Москва, Северо-Восточный административный округ, Бабушкинский район"
4222,27461,"город Москва, Федоскинская улица, дом 4",37.703739 55.868773,"Россия, Москва, Северо-Восточный административный округ, Ярославский район"
4226,27437,"город Москва, Норильская улица, дом 4",37.696453 55.875844,"Россия, Москва, Северо-Восточный административный округ, Лосиноостровский район"
4239,23022,"город Москва, Таёжная улица, дом 1",37.700559 55.880904,"Россия, Москва, Северо-Восточный административный округ, Лосиноостровский район"
4246,27441,"город Москва, 1-я Напрудная улица, дом 13",37.691064 55.879884,"Россия, Москва, Северо-Восточный административный округ, Лосиноостровский район"
4278,28691,"город Москва, Кучин переулок, дом 14, строение 1",37.640003 55.804111,"Россия, Москва, Северо-Восточный административный округ, Алексеевский район"
4320,29521,"город Москва, Кулаков переулок, дом 7",37.639473 55.804713,"Россия, Москва, Северо-Восточный административный округ, Алексеевский район"
4324,138024,"город Москва, Напрудный переулок, дом 13",37.631182 55.78851,"Россия, Москва, Центральный административный округ, Мещанский район"
4326,21069,"город Москва, Банный проезд, дом 3, строение 1",37.631137 55.786814,"Россия, Москва, Центральный административный округ, Мещанский район"
4338,138027,"город Москва, переулок Васнецова, дом 2",37.625783 55.775697,"Россия, Москва, Центральный административный округ, Мещанский район"
4346,21388,"город Москва, 1-й проезд Марьиной Рощи, дом 3А",37.621696 55.793748,"Россия, Москва, Северо-Восточный административный округ, район Марьина Роща"
4347,28629,"город Москва, Малая Переяславская улица, дом 6/8",37.63765 55.789406,"Россия, Москва, Центральный административный округ, Мещанский район"
4354,27416,"город Москва, Староалексеевская улица, дом 1",37.641836 55.810324,"Россия, Москва, Северо-Восточный административный округ, Алексеевский район"
4356,138014,"город Москва, Больничный переулок, дом 4",37.632053 55.785564,"Россия, Москва, Центральный административный округ, Мещанский район"
4357,28628,"город Москва, Глинистый переулок, дом 7, строение 1",37.63729 55.787548,"Россия, Москва, Центральный административный округ, Мещанский район"
4367,19744,"город Москва, 3-я Черепковская улица, дом 15А, строение 5",37.376258 55.755621,"Россия, Москва, Западный административный округ, район Кунцево"
4406,23760,"город Москва, улица Красных Зорь, дом 61",37.426914 55.724713,"Россия, Москва, Западный административный округ, Можайский район"
4408,23738,"город Москва, улица Ращупкина, дом 3",37.443982 55.724794,"Россия, Москва, Западный административный округ, Можайский район, 81-й квартал Кунцева"
4409,23750,"город Москва, улица Кубинка, дом 20, корпус 1",37.408346 55.722974,"Россия, Москва, Западный административный округ, Можайский район"
4410,23728,"город Москва, улица Кутузова, дом 20",37.414499 55.72271,"Россия, Москва, Западный административный округ, Можайский район"
4411,23638,"город Москва, Гродненская улица, дом 5",37.435376 55.71769,"Россия, Москва, Западный административный округ, Можайский район"
4426,23749,"город Москва, Гжатская улица, дом 6",37.440496 55.715799,"Россия, Москва, Западный административный округ, Можайский район"
4429,23740,"город Москва, Вяземская улица, дом 7",37.405534 55.712695,"Россия, Москва, Западный административный округ, Можайский район"
4435,23611,"город Москва, улица Екатерины Будановой, дом 18",37.43322 55.729787,"Россия, Москва, Западный административный округ, район Кунцево"
4459,20755,"город Москва, Троилинский переулок, дом 3",37.58411 55.748037,"Россия, Москва, Центральный административный округ, район Арбат"
4474,128035,"город Москва, 1-й Николощеповский переулок, дом 6, строение 2",37.580544 55.748706,"Россия, Москва, Центральный административный округ, район Арбат, 577-й квартал"
4475,78275,"город Москва, Проточный переулок, дом 7",37.58058 55.750165,"Россия, Москва, Центральный административный округ, район Арбат, 578-й, 579-й кварталы"
4541,23625,"город Москва, Новорублёвская улица, дом 1",37.36175 55.786996,"Россия, Москва, Западный административный округ, район Кунцево"
4574,29285,"город Москва, улица Степана Шутова, дом 8, корпус 3",37.809686 55.674255,"Россия, Москва, Юго-Восточный административный округ, район Люблино"
4576,28931,"город Москва, Орехово-Зуевский проезд, дом 4",37.745367 55.731206,"Россия, Москва, Юго-Восточный административный округ, Нижегородский район, 88-й квартал Карачарова"
4579,28085,"город Москва, 1-й Вешняковский проезд, дом 2, строение 1",37.78792 55.724312,"Россия, Москва, Юго-Восточный административный округ, Рязанский район, 14-й квартал Чухлинки"
4584,27020,"город Москва, улица Паперника, дом 9",37.787084 55.720859,"Россия, Москва, Юго-Восточный административный округ, Рязанский район, 15-й квартал Чухлинки"
4588,28075,"город Москва, шоссе Фрезер, дом 32, строение 1",37.732817 55.734476,"Россия, Москва, Юго-Восточный административный округ, Нижегородский район"
4596,28888,"город Москва, Тихая улица, дом 30",37.747963 55.684686,"Россия, Москва, Юго-Восточный административный округ, район Люблино"
4633,28884,"город Москва, Спортивный проезд, дом 3А",37.753847 55.684199,"Россия, Москва, Юго-Восточный административный округ, район Люблино"
4650,28877,"город Москва, Мариупольская улица, дом 3",37.741351 55.674966,"Россия, Москва, Юго-Восточный административный округ, район Люблино"
4652,27525,"город Москва, улица Артюхиной, дом 17",37.739869 55.697488,"Россия, Москва, Юго-Восточный административный округ, район Текстильщики"
4656,28920,"город Москва, Подольская улица, дом 15",37.71345 55.65178,"Россия, Москва, Юго-Восточный административный округ, район Марьино"
4660,28935,"город Москва, 1-й Курьяновский проезд, дом 14",37.699517 55.657362,"Россия, Москва, Юго-Восточный административный округ, район Печатники, микрорайон Курьяново"
4676,27529,"город Москва, 1-й Саратовский проезд, дом 5",37.736339 55.71163,"Россия, Москва, Юго-Восточный административный округ, район Текстильщики"
4700,26758,"город Москва, Тессинский переулок, дом 4, строение 2",37.6494 55.750287,"Россия, Москва, Центральный административный округ, Таганский район, 314-й квартал"
4715,29172,"город Москва, Тетеринский переулок, дом 2А",37.650145 55.745341,"Россия, Москва, Центральный административный округ, Таганский район"
4718,21177,"город Москва, Библиотечная улица, дом 29",37.676717 55.745199,"Россия, Москва, Центральный административный округ, Таганский район"
4721,20999,"город Москва, Берниковская набережная, дом 12, строение 1",37.651385 55.748812,"Россия, Москва, Центральный административный округ, Таганский район"
4725,28205,"город Москва, Малый Полуярославский переулок, дом 3/5, строение 1",37.661033 55.752237,"Россия, Москва, Центральный административный округ, Таганский район"
4729,150839,"город Москва, Большой Полуярославский переулок, дом 7",37.663243 55.752607,"Россия, Москва, Центральный административный округ, Таганский район"
4736,150823,"город Москва, Стройковская улица, дом 5",37.67502 55.733457,"Россия, Москва, Центральный административный округ, Таганский район"
4802,21338,"город Москва, улица Инессы Арманд, дом 13",37.546884 55.589274,"Россия, Москва, Юго-Западный административный округ, район Ясенево"
4805,29450,"город Москва, Феодосийская улица, дом 11А",37.575603 55.5636,"Россия, Москва, Юго-Западный административный округ, район Северное Бутово, 7-й микрорайон"
4817,97083,"город Москва, 1-й Кирпичный переулок, дом 4, строение 2",37.73217 55.778051,"Россия, Москва, Восточный административный округ, район Соколиная Гора"
4832,21936,"город Москва, Учинская улица, дом 10",37.537119 55.885181,"Россия, Москва, Северный административный округ, Дмитровский район, 18-й микрорайон"
4839,28255,"город Москва, Нарвская улица, дом 2",37.508759 55.833607,"Россия, Москва, Северный административный округ, район Коптево"
4860,28699,"город Москва, Чукотский проезд, дом 6",37.654089 55.868162,"Россия, Москва, Северо-Восточный административный округ, Бабушкинский район"
4882,27787,"город Москва, Кремлёвская набережная, дом 1, строение 2",37.60947 55.746937,"Россия, Москва, Центральный административный округ, район Хамовники, 28-й квартал"
4891,27812,"город Москва, улица Уткина, дом 48",37.744971 55.759532,"Россия, Москва, Восточный административный округ, район Соколиная Гора"
4894,19965,"город Москва, Боровский проезд, дом 17А",37.38207 55.652258,"Россия, Москва, Западный административный округ, район Солнцево, 3-й микрорайон"
4895,19746,"город Москва, улица Академика Павлова, дом 25",37.407573 55.748756,"Россия, Москва, Западный административный округ, район Кунцево"
4896,27926,"город Москва, проезд Черепановых, дом 6, строение 1",37.512802 55.833364,"Россия, Москва, Северный административный округ, район Коптево"
4924,22345,"город Москва, улица Новая Дорога, дом 11, строение 6",37.702499 55.774608,"Россия, Москва, Центральный административный округ, Басманный район, 1362-й квартал"
4940,21728,"город Москва, 3-й Кадашёвский переулок, дом 2",37.624202 55.742407,"Россия, Москва, Центральный административный округ, район Якиманка"
4947,27989,"город Москва, Чермянская улица, дом 2, строение 2",37.638117 55.885241,"Россия, Москва, Северо-Восточный административный округ, район Северное Медведково"
5102,27944,"город Москва, Зубарев переулок, дом 15, корпус 1",37.642537 55.811508,"Россия, Москва, Северо-Восточный административный округ, Алексеевский район"
5109,20283,"город Москва, 12-й проезд Марьиной Рощи, владение 9, строение 2",37.618417 55.80445,"Россия, Москва, Северо-Восточный административный округ, район Марьина Роща"
5118,152993,"город Москва, Выползов переулок, дом 7, строение 2",37.626861 55.779469,"Россия, Москва, Центральный административный округ, Мещанский район"
5122,27957,"город Москва, Анненский проезд, дом 1, строение 1",37.607637 55.802133,"Россия, Москва, Северо-Восточный административный округ, район Марьина Роща"
5130,27821,"город Москва, Анненская улица, дом 25, строение 1",37.608949 55.806211,"Россия, Москва, Северо-Восточный административный округ, район Марьина Роща"
5160,26188,"город Москва, Чермянский проезд, дом 5, строение 26",37.634946 55.887599,"Россия, Москва, Северо-Восточный административный округ, район Северное Медведково"
5167,28740,"город Москва, Старомарьинское шоссе, дом 5",37.610485 55.80316,"Россия, Москва, Северо-Восточный административный округ, район Марьина Роща"
5177,28282,"город Москва, Калибровская улица, дом 31, строение 1",37.624965 55.808199,"Россия, Москва, Северо-Восточный административный округ, Останкинский район"
5178,28468,"город Москва, 1-й Рижский переулок, дом 6, строение 1",37.652319 55.806611,"Россия, Москва, Северо-Восточный административный округ, Алексеевский район"
5222,28285,"город Москва, Хованская улица, владение 20",37.622585 55.828576,"Россия, Москва, Северо-Восточный административный округ, Останкинский район"
5276,23071,"город Москва, Отрадный проезд, дом 2Б",37.607421 55.853132,"Россия, Москва, Северо-Восточный административный округ, район Отрадное"
5280,27462,"город Москва, Лосевская улица, дом 9",37.714752 55.877824,"Россия, Москва, Северо-Восточный административный округ, Ярославский район"
5289,144426,"город Москва, Ростокинская улица, дом 3",37.660727 55.835432,"Россия, Москва, Северо-Восточный административный округ, район Ростокино"
5291,27977,"город Москва, 1-й Сельскохозяйственный проезд, дом 2",37.647082 55.83248,"Россия, Москва, Северо-Восточный административный округ, район Ростокино"
5299,25564,"город Москва, Юрловский проезд, дом 17, строение 1",37.618965 55.870698,"Россия, Москва, Северо-Восточный административный округ, район Отрадное"
5301,21527,"город Москва, 1-й Ботанический проезд, дом 2",37.635979 55.850707,"Россия, Москва, Северо-Восточный административный округ, район Свиблово"
5373,125151,"город Москва, 17-й проезд Марьиной Рощи, дом 4",37.61123 55.808553,"Россия, Москва, Северо-Восточный административный округ, район Марьина Роща"
5445,28292,"город Москва, Уржумская улица, дом 4, строение 14",37.667168 55.851839,"Россия, Москва, Северо-Восточный административный округ, район Свиблово"
5446,68374,"город Москва, 2-я Ямская улица, дом 4",37.608293 55.794629,"Россия, Москва, Северо-Восточный административный округ, район Марьина Роща"
5452,81534,"город Москва, улица Константинова, дом 11А",37.655248 55.816874,"Россия, Москва, Северо-Восточный административный округ, Алексеевский район"
5468,140894,"город Москва, Черницынский проезд, дом 3, строение 11",37.792654 55.819075,"Россия, Москва, Восточный административный округ, район Гольяново"
5491,27581,"город Москва, 1-я Гражданская улица, дом 96",37.709012 55.807223,"Россия, Москва, Восточный административный округ, район Богородское"
5522,27998,"город Москва, 2-й Иртышский проезд, дом 6, строение 1",37.765758 55.812772,"Россия, Москва, Восточный административный округ, район Гольяново"
5533,22222,"город Москва, 1-я Пугачёвская улица, дом 25, строение 1",37.732126 55.795064,"Россия, Москва, Восточный административный округ, район Преображенское"
5540,150766,"город Москва, улица Шумкина, дом 26А, строение 4",37.673412 55.786723,"Россия, Москва, Восточный административный округ, район Сокольники"
5544,143095,"город Москва, улица Богородский Вал, дом 3, строение 28",37.701529 55.803509,"Россия, Москва, Восточный административный округ, район Богородское"
5551,149685,"город Москва, Оренбургская улица, дом 32, строение 5",37.875901 55.711032,"Россия, Москва, Восточный административный округ, район Косино-Ухтомский"
5554,23249,"город Москва, 104-й километр Московской Кольцевой Автодороги, дом 6",0 0,
5563,28795,"город Москва, улица Медведева, дом 6",37.883671 55.717366,"Россия, Москва, Восточный административный округ, район Косино-Ухтомский, микрорайон Кожухово, 6-й, 7-й, 8-й кварталы"
5583,28579,"город Москва, Старослободская улица, дом 8",37.669711 55.789836,"Россия, Москва, Восточный административный округ, район Сокольники"
5592,21361,"город Москва, Гаражная улица, дом 4",37.742142 55.759091,"Россия, Москва, Восточный административный округ, район Соколиная Гора"
5612,20721,"город Москва, улица 9 Мая, дом 8",37.86469 55.816161,"Россия, Москва, Восточный административный округ, район Восточный"
5617,27515,"город Москва, посёлок Акулово, дом 43А, строение 1",37.792259 56.002898,"Россия, Москва, Восточный административный округ, район Восточный"
5667,27715,"город Москва, Барабанный переулок, дом 3",37.70779 55.783392,"Россия, Москва, Восточный административный округ, район Соколиная Гора"
5708,71547,"город Москва, Курганская улица, дом 4А",37.815938 55.829426,"Россия, Москва, Восточный административный округ, район Гольяново"
5712,23272,"город Москва, Нижний Журавлёв переулок, дом 3",37.706164 55.78359,"Россия, Москва, Восточный административный округ, район Соколиная Гора"
5716,144462,"город Москва, Русаковская набережная, дом 7",37.698484 55.798323,"Россия, Москва, Восточный административный округ, район Сокольники"
5725,27523,"город Москва, Кузьминская улица, дом 10, строение 2",37.786285 55.693378,"Россия, Москва, Юго-Восточный административный округ, район Кузьминки"
5731,28332,"город Москва, 1-я Карачаровская улица, дом 8, строение 1",37.754035 55.73591,"Россия, Москва, Юго-Восточный административный округ, Нижегородский район, квартал Карачарова 86А"
5734,29265,"город Москва, Хвалынский бульвар, дом 4, корпус 4",37.849257 55.700121,"Россия, Москва, Юго-Восточный административный округ, район Выхино-Жулебино, 1-й микрорайон Жулебина"
5772,28344,"город Москва, Новоостаповская улица, дом 12, строение 2",37.671813 55.718233,"Россия, Москва, Юго-Восточный административный округ, Южнопортовый район"
5826,28490,"город Москва, 2-й Курьяновский проезд, дом 2",37.698762 55.652684,"Россия, Москва, Юго-Восточный административный округ, район Печатники, микрорайон Курьяново"
5828,23421,"город Москва, Егорьевский проезд, дом 2, строение 5",37.734865 55.671803,"Россия, Москва, Юго-Восточный административный округ, район Люблино"
5842,28040,"город Москва, Перовский проезд, дом 35, строение 8",37.710225 55.744358,"Россия, Москва, Юго-Восточный административный округ, район Лефортово"
5848,28077,"город Москва, Автомобильный проезд, дом 6, строение 2",37.700676 55.730106,"Россия, Москва, Юго-Восточный административный округ, Нижегородский район"
5853,23460,"город Москва, Басовская улица, дом 16, строение 1",37.747568 55.738287,"Россия, Москва, Юго-Восточный административный округ, Нижегородский район"
5857,28033,"город Москва, Красноказарменный проезд, дом 14А, корпус 19",37.706155 55.753909,"Россия, Москва, Юго-Восточный административный округ, район Лефортово, 5-й микрорайон"
5901,29571,"город Москва, 4-й Вешняковский проезд, дом 4, строение 1",37.796445 55.718451,"Россия, Москва, Юго-Восточный административный округ, Рязанский район"
5902,140772,"город Москва, Зарайская улица, дом 33, корпус 2",37.770699 55.729843,"Россия, Москва, Юго-Восточный административный округ, Рязанский район, 6-й квартал Чухлинки"
5907,28049,"город Москва, 4-я Кабельная улица, дом 2А, строение 1",37.71875 55.740558,"Россия, Москва, Юго-Восточный административный округ, район Лефортово"
5908,28327,"город Москва, улица Капотня, дом 34",37.808428 55.639847,"Россия, Москва, Юго-Восточный административный округ, район Капотня"
5910,28867,"город Москва, Армавирская улица, дом 4",37.753398 55.67528,"Россия, Москва, Юго-Восточный административный округ, район Люблино"
5935,26571,"город Москва, Сормовский проезд, дом 11, строение 8",37.804386 55.707111,"Россия, Москва, Юго-Восточный административный округ, район Выхино-Жулебино"
5943,29281,"город Москва, Есенинский бульвар, дом 14, корпус 2",37.774813 55.700547,"Россия, Москва, Юго-Восточный административный округ, район Кузьминки"
5952,23376,"город Москва, 2-й Кабельный проезд, дом 1",37.716288 55.747758,"Россия, Москва, Юго-Восточный административный округ, район Лефортово, микрорайон Дангауэровка"
5964,29301,"город Москва, 6-я Кожуховская улица, дом 8",37.67219 55.706482,"Россия, Москва, Юго-Восточный административный округ, Южнопортовый район"
5966,67817,"город Москва, Тарханская улица, дом 2",37.858887 55.684686,"Россия, Москва, Юго-Восточный административный округ, район Выхино-Жулебино, 5-й микрорайон Жулебина"
5989,29407,"город Москва, улица Крутицкий Вал, дом 5",37.666297 55.72928,"Россия, Москва, Юго-Восточный административный округ, Южнопортовый район"
6021,23969,"город Москва, 38-й километр Московской Кольцевой Автодороги, владение 6А, строение 1",37.512371 55.596808,"Россия, Москва, Юго-Западный административный округ, район Ясенево"
6030,29365,"город Москва, Сивашская улица, дом 2, корпус 1",37.606236 55.660379,"Россия, Москва, Юго-Западный административный округ, район Зюзино"
6119,25516,"город Москва, 42-й километр Московской Кольцевой Автодороги, владение 4, строение 1",0 0,
6168,24627,"город Москва, Научный проезд, дом 19",37.553963 55.653304,"Россия, Москва, Юго-Западный административный округ, район Черёмушки"
6212,29088,"город Москва, 3-я Железногорская улица, дом 11А",37.548267 55.5217,"Россия, Москва, Юго-Западный административный округ, район Южное Бутово, деревня Новокурьяново"
6239,98910,"город Москва, Новобутовский проезд, владение 9, строение 1",37.558858 55.553732,"Россия, Москва, Юго-Западный административный округ, район Южное Бутово"
6240,29092,"город Москва, улица Академика Понтрягина, дом 17, корпус 1",37.502813 55.533522,"Россия, Москва, Юго-Западный административный округ, район Южное Бутово, 11-й микрорайон"
6246,29100,"город Москва, улица Брусилова, дом 29, корпус 1",37.592779 55.502079,"Россия, Москва, Юго-Западный административный округ, район Южное Бутово, 3-й микрорайон Щербинки"
6276,23962,"город Москва, Синельниковская улица, дом 47",37.572423 55.542477,"Россия, Москва, Юго-Западный административный округ, район Южное Бутово"
6279,29382,"город Москва, улица Академика Арцимовича, дом 7",37.515137 55.642159,"Россия, Москва, Юго-Западный административный округ, район Коньково, 48-50-й квартал"
6290,28528,"город Москва, улица Академика Опарина, дом 4",37.500001 55.643866,"Россия, Москва, Юго-Западный административный округ, Обручевский район"
6394,23420,"город Москва, Большая Внуковская улица, дом 2А, строение 9",37.29267 55.615207,"Россия, Москва, Западный административный округ, район Внуково"
6599,69531,"город Москва, улица Клочкова, дом 10",37.450683 55.726213,"Россия, Москва, Западный административный округ, район Фили-Давыдково"
6606,19912,"город Москва, 56-й километр Московской Кольцевой Автодороги, дом 10",0 0,
6736,23721,"город Москва, Волоцкой переулок, дом 15, корпус 2",37.352048 55.832535,"Россия, Москва, Северо-Западный административный округ, район Митино, 8-й микрорайон"
6750,23339,"город Москва, Пенягинская улица, дом 14",37.359513 55.836059,"Россия, Москва, Северо-Западный административный округ, район Митино, микрорайон № 8А"
6779,27838,"город Москва, улица Рогова, дом 5А",37.461688 55.793809,"Россия, Москва, Северо-Западный административный округ, район Щукино"
6783,143079,"город Москва, 65-й километр Московской Кольцевой Автодороги, владение 8",0 0,
6785,144799,"город Москва, 67-й километр Московской Кольцевой Автодороги, дом 7",0 0,
6786,22266,"город Москва, улица Саляма Адиля, дом 9, корпус 3",37.464499 55.775069,"Россия, Москва, Северо-Западный административный округ, район Хорошёво-Мнёвники"
6788,28178,"город Москва, улица Шеногина, дом 2",37.509918 55.765164,"Россия, Москва, Северо-Западный административный округ, район Хорошёво-Мнёвники"
6792,23706,"город Москва, Ландышевая улица, дом 8",37.392248 55.886963,"Россия, Москва, Северо-Западный административный округ, район Куркино"
6794,23718,"город Москва, улица Рословка, дом 8",37.360457 55.830255,"Россия, Москва, Северо-Западный административный округ, район Митино"
6829,144812,"город Москва, улица Зенитчиков, дом 7",37.348123 55.834628,"Россия, Москва, Северо-Западный административный округ, район Митино"
6865,76469,"город Москва, Сосновая аллея, дом 1, строение 1",37.461454 55.819636,"Россия, Москва, Северо-Западный административный округ, район Покровское-Стрешнево"
6870,22255,"город Москва, Неманский проезд, дом 1",37.393955 55.815903,"Россия, Москва, Северо-Западный административный округ, район Строгино"
7010,82615,"город Москва, Малый Коптевский проезд, дом 3",37.531451 55.809732,"Россия, Москва, Северный административный округ, район Аэропорт"
7011,28460,"город Москва, 1-й Магистральный тупик, дом 10, корпус 1",37.526232 55.767003,"Россия, Москва, Северный административный округ, Хорошёвский район"
7048,21416,"город Москва, 1-я Аэропортовская улица, дом 1, строение 3",37.534523 55.800878,"Россия, Москва, Северный административный округ, район Аэропорт"
7074,25473,"город Москва, Песчаная улица, дом 2А, строение 4",37.514922 55.803266,"Россия, Москва, Северный административный округ, район Сокол"
7097,157798,"город Москва, Театральная аллея, дом 3, строение 1",37.559883 55.793227,"Россия, Москва, Северный административный округ, район Аэропорт"
7126,146421,"город Москва, Балтийская улица, дом 10, корпус 2",37.516665 55.810425,"Россия, Москва, Северный административный округ, район Аэропорт"
7182,58526,"город Москва, Коптевский бульвар, дом 18А, строение 1",37.522728 55.832404,"Россия, Москва, Северный административный округ, район Коптево"
7235,28493,"город Москва, улица Павла Андреева, дом 27, строение 2",37.618722 55.719581,"Россия, Москва, Южный административный округ, Даниловский район"
7271,28965,"город Москва, Педагогическая улица, дом 3",37.666288 55.596122,"Россия, Москва, Южный административный округ, район Бирюлёво Восточное"
7289,125092,"город Москва, 2-й Рощинский проезд, дом 8",37.603002 55.706315,"Россия, Москва, Южный административный округ, Донской район"
7324,145553,"город Москва, Городская улица, дом 8",37.617168 55.713836,"Россия, Москва, Южный административный округ, Даниловский район"
7354,28584,"город Москва, улица Кошкина, дом 13, корпус 2",37.674678 55.640878,"Россия, Москва, Южный административный округ, район Москворечье-Сабурово"
7379,21013,"город Москва, 4-й Рощинский проезд, дом 11",37.611643 55.707547,"Россия, Москва, Южный административный округ, Даниловский район"
7437,74990,"город Москва, 26-й километр Московской Кольцевой Автодороги, владение 6",0 0,
7743,29594,"город Москва, Черноморский бульвар, дом 8",37.612317 55.646045,"Россия, Москва, Южный административный округ, Нагорный район"
7746,127731,"город Москва, 3-й Павловский переулок, дом 2",37.628631 55.718877,"Россия, Москва, Южный административный округ, Даниловский район"
7778,29834,"город Москва, улица Лефортовский Вал, дом 26",37.696346 55.755778,"Россия, Москва, Юго-Восточный административный округ, район Лефортово, 1-й микрорайон"
7782,23416,"город Москва, 7-я улица Лазенки, дом 12, строение 2",37.348904 55.661115,"Россия, Москва, Западный административный округ, район Ново-Переделкино"
7783,23762,"город Москва, Интернациональная улица, дом 10",37.253117 55.613738,"Россия, Москва, Западный административный округ, район Внуково, микрорайон Северо-Западный"
7784,23419,"город Москва, 6-я улица Лазенки, дом 2, строение 2",37.367823 55.664208,"Россия, Москва, Западный административный округ, район Ново-Переделкино"
7794,20122,"город Москва, Аэрофлотская улица, владение 2Б",37.292095 55.610387,"Россия, Москва, Западный административный округ, район Внуково"
7827,28214,"Софийская набережная, дом 26/1, строение 1",37.620151 55.746958,"Россия, Москва, Центральный административный округ, район Якиманка"
7834,24996,"город Москва, Лыщиков переулок, дом 5, строение 1",37.654457 55.747794,"Россия, Москва, Центральный административный округ, Таганский район"
7869,25945,"город Москва, Малый Ивановский переулок, дом 4, строение 1",37.640641 55.75364,"Россия, Москва, Центральный административный округ, Басманный район"
7872,158158,"город Москва, Сибирский проезд, дом 2, корпус 27, строение 1",37.682826 55.729838,"Россия, Москва, Центральный административный округ, Таганский район"
7928,121039,"город Москва, улица Фадеева, дом 5, строение 1",37.598681 55.774406,"Россия, Москва, Центральный административный округ, Тверской район"
7935,29159,"город Москва, 2-я Дубровская улица, дом 3",37.671381 55.728986,"Россия, Москва, Центральный административный округ, Таганский район"
7938,25019,"Нижний Таганский тупик, дом 3, строение 1",55.098473 51.802992,"Россия, Оренбург, Промышленный район"
7939,146400,"город Москва, 1-й Голутвинский переулок, дом 6",37.613494 55.7396,"Россия, Москва, Центральный административный округ, район Якиманка"
7943,22574,"город Москва, Гжельский переулок, дом 19, строение 2",37.680634 55.747713,"Россия, Москва, Центральный административный округ, Таганский район"
7945,24969,"город Москва, Калошин переулок, дом 4, строение 1",37.592545 55.747905,"Россия, Москва, Центральный административный округ, район Арбат, 178-й квартал"
7952,152169,"город Москва, Тихвинский переулок, дом 3",37.595761 55.787705,"Россия, Москва, Центральный административный округ, Тверской район"
8016,26060,"город Москва, Успенский переулок, дом 3, строение 4",37.607116 55.769292,"Россия, Москва, Центральный административный округ, Тверской район"
8025,28195,"город Москва, улица Высоцкого, дом 4",37.652903 55.74373,"Россия, Москва, Центральный административный округ, Таганский район"
8041,29140,"город Москва, переулок Красина, дом 16, строение 10",37.581954 55.767539,"Россия, Москва, Центральный административный округ, Пресненский район"
8085,27181,"город Москва, Денежный переулок, дом 20",37.58676 55.745412,"Россия, Москва, Центральный административный округ, район Хамовники, 174-й квартал"
8120,152188,"город Москва, 1-я Миусская улица, дом 4",37.596965 55.779737,"Россия, Москва, Центральный административный округ, Тверской район"
8134,29154,"город Москва, Средняя Калитниковская улица, дом 22, строение 3",37.68465 55.735302,"Россия, Москва, Центральный административный округ, Таганский район"
8143,152084,"город Москва, Пожарский переулок, дом 15",37.600675 55.741744,"Россия, Москва, Центральный административный округ, район Хамовники, 139-й квартал"
8147,22406,"город Москва, Большой Строченовский переулок, дом 7",37.630858 55.729077,"Россия, Москва, Центральный административный округ, район Замоскворечье"
8168,27344,"город Москва, Госпитальный переулок, дом 3",37.687497 55.770993,"Россия, Москва, Центральный административный округ, Басманный район"
8199,141251,"город Москва, Тургеневская площадь, дом 2",37.635835 55.765311,"Россия, Москва, Центральный административный округ, Красносельский район"
8229,27631,"город Москва, Малый Казённый переулок, дом 3",37.65267 55.760287,"Россия, Москва, Центральный административный округ, Басманный район"
8239,24324,"город Москва, Бутиковский переулок, дом 7",37.602184 55.737801,"Россия, Москва, Центральный административный округ, район Хамовники, 138-й квартал"
8284,150829,"город Москва, Тихий тупик, дом 2",37.665282 55.738029,"Россия, Москва, Центральный административный округ, Таганский район"
8316,143431,"город Москва, Ботанический переулок, дом 5",37.637668 55.77792,"Россия, Москва, Центральный административный округ, Мещанский район"
8342,152201,"город Москва, 7-й Ростовский переулок, дом 16",37.57492 55.74147,"Россия, Москва, Центральный административный округ, район Хамовники"
8343,153387,"город Москва, Пуговишников переулок, дом 7",37.586374 55.732144,"Россия, Москва, Центральный административный округ, район Хамовники, 455-й квартал"
8360,29149,"город Москва, Стрельбищенский переулок, дом 14",37.540245 55.759745,"Россия, Москва, Центральный административный округ, Пресненский район"
8376,27788,"город Москва, Большой Знаменский переулок, дом 2, строение 26",37.603433 55.745873,"Россия, Москва, Центральный административный округ, район Хамовники, 32-й квартал"
8402,29158,"город Москва, Брошевский переулок, дом 21",37.672594 55.735125,"Россия, Москва, Центральный административный округ, Таганский район"
8445,25017,"город Москва, Известковый переулок, дом 1",37.656146 55.745118,"Россия, Москва, Центральный административный округ, Таганский район"
8449,21410,"город Москва, 2-й Красносельский переулок, дом 18",37.6698 55.784364,"Россия, Москва, Центральный административный округ, Красносельский район"
8725,154684,"город Москва, 7-я Северная линия, дом 13",37.549759 55.938027,"Россия, Москва, Северо-Восточный административный округ, район Северный"
8764,80008,"улица Каманина, домовладение 11, строение 2",30.348621 53.937992,"Беларусь, Могилёв, посёлок имени Чапаева"
8771,144391,"Погодинская улица, дом 4, строение 1",37.571013 55.734973,"Россия, Москва, Центральный административный округ, район Хамовники, 537-й квартал, жилой комплекс Гранд Делюкс"
8773,101149,"Большая Бронная улица, дом 20/1/27, строение 2",37.601708 55.763083,"Россия, Москва, Центральный административный округ, Пресненский район"
8776,26477,"2-я Брестская улица, дом 1, строение 1",37.593201 55.769074,"Россия, Москва, Центральный административный округ, Пресненский район"
8777,150900,"город Москва, Новопресненский переулок, дом 6",37.575316 55.766628,"Россия, Москва, Центральный административный округ, Пресненский район"
8789,158540,"город Москва, улица Сайкина, дом 2",37.665695 55.706639,"Россия, Москва, Южный административный округ, Даниловский район"
8793,29070,"Профсоюзная улица, дом 118Б, корпус 1",37.516647 55.637642,"Россия, Москва, Юго-Западный административный округ, район Коньково, 48-50-й квартал"
8798,151546,"Калашный переулок, дом 8А/5, строение 3",37.601771 55.755282,"Россия, Москва, Центральный административный округ, Пресненский район, 46-й квартал"
8800,158330,"город Москва, Шубинский переулок, дом 2/3",37.579735 55.746578,"Россия, Москва, Центральный административный округ, район Арбат, 570-й квартал"
8804,26762,"улица Земляной Вал, дом 58/23, строение 1А",37.654915 55.747272,"Россия, Москва, Центральный административный округ, Таганский район"
8814,156341,"город Москва, 6-й Лучевой просек, дом 6",37.679655 55.800387,"Россия, Москва, Восточный административный округ, район Сокольники"
8817,156313,"город Москва, 2-й Лучевой просек, дом 2",37.674481 55.795676,"Россия, Москва, Восточный административный округ, район Сокольники"
8818,156346,"город Москва, 3-й Лучевой просек, дом 4А",37.672747 55.79849,"Россия, Москва, Восточный административный округ, район Сокольники"
8826,114367,"улица Обручева, дом 23, строение 1",37.531154 55.658464,"Россия, Москва, Юго-Западный административный округ, Обручевский район"
8830,150170,"Вспольный переулок, дом 19/20, строение 1",37.588269 55.762313,"Россия, Москва, Центральный административный округ, Пресненский район"
8837,143533,"Дербеневская улица, дом 11А, строение 17",37.649993 55.72124,"Россия, Москва, Южный административный округ, Даниловский район"
8842,19800,"Проектируемый проезд N 5231, дом 8, строение 3",37.433867 55.668056,"Россия, Москва, Западный административный округ, район Очаково-Матвеевское"
8874,149897,"поселение Сосенское, деревня Столбово, дом 1",37.472476 55.562413,"Россия, Москва, поселение Сосенское, квартал № 155"
8875,149863,"город Москва, Полевая улица, дом 20",37.851898 55.715449,"Россия, Москва, Восточный административный округ, район Косино-Ухтомский"
8879,153478,"поселение Марушкинское, деревня Давыдково, дом 101",37.195059 55.583311,"Россия, Москва, поселение Марушкинское, квартал № 65"
8881,147848,"поселение Михайлово-Ярцевское, деревня Сенькино-Секерино, дом 154А",37.134755 55.429726,"Россия, Москва, поселение Михайлово-Ярцевское, квартал № 25"
8884,157826,"Митинская улица, дом 28, корпус 5, строение 1",37.371578 55.844329,"Россия, Москва, Северо-Западный административный округ, район Митино, 2-й микрорайон, жилой комплекс Лайф Митинская Экопарк"
8893,148031,"город Московский, улица Хабарова, дом 2",37.351896 55.593868,
8903,25036,"1-я Тверская-Ямская улица, дом 29/66, корпус 1",37.585197 55.776026,"Россия, Москва, Центральный административный округ, Тверской район"
8942,159001,"город Москва, 6-я улица Новые Сады, дом 2",37.347233 55.652502,"Россия, Москва, Западный административный округ, район Ново-Переделкино, жилой комплекс Переделкино"
8957,150886,"город Москва, Причальный проезд, дом 7, строение 1",37.51777 55.759223,"Россия, Москва, Центральный административный округ, Пресненский район"
9010,161067,"город Москва, Мансуровский переулок, дом 10, строение 2",37.593794 55.740309,"Россия, Москва, Центральный административный округ, район Хамовники, 150-й квартал"
9014,161609,"город Москва, переулок Маяковского, дом 3",37.660521 55.739498,"Россия, Москва, Центральный административный округ, Таганский район"
9053,160305,"город Москва, площадь Журавлёва, дом 2, строение 2",37.702283 55.78401,"Россия, Москва, Восточный административный округ, район Соколиная Гора"
9086,160171,"город Москва, Садовая-Сухаревская улица, дом 6, строение 1",37.624031 55.773246,"Россия, Москва, Центральный административный округ, Мещанский район"
9133,161334,"город Москва, 1-я Чоботовская аллея, дом 6-Б",37.35415 55.655793,"Россия, Москва, Западный административный округ, район Ново-Переделкино"
9214,161931,"Краснобогатырская улица, дом 90, строение 1",37.710889 55.79977,"Россия, Москва, Восточный административный округ, район Преображенское, жилой комплекс Наследие"
9215,162646,"город Троицк, 42-й километр Калужского шоссе, дом 8",37.288771 55.454233,
9243,162723,"город Москва, Каскадная улица, домовладение 21, строение 1",37.872802 55.70706,"Россия, Москва, Восточный административный округ, район Косино-Ухтомский, посёлок Ухтомский"
9294,166935,"город Москва, Дмитровский переулок, дом 3, строение 4",37.615336 55.7621,"Россия, Москва, Центральный административный округ, Тверской район"
9335,167318,"город Москва, Прохладная улица, дом 28",37.673187 55.61628,"Россия, Москва, Южный административный округ, район Бирюлёво Восточное"
9366,167179,"город Москва, Михневский проезд, дом 4, корпус 1",37.66795 55.577495,"Россия, Москва, Южный административный округ, район Бирюлёво Восточное"
9410,167786,"город Москва, Пестовский переулок, дом 3, строение 1",37.659218 55.745301,"Россия, Москва, Центральный административный округ, Таганский район"
9428,168147,"город Москва, улица Дубки, дом 6",37.564913 55.819292,"Россия, Москва, Северный административный округ, Тимирязевский район"
9440,168345,"город Москва, Якиманский переулок, дом 6, строение 1",37.609973 55.733493,"Россия, Москва, Центральный административный округ, район Якиманка"
9674,168768,"город Москва, Красногвардейский бульвар, дом 3, строение 1",37.542913 55.758939,"Россия, Москва, Центральный административный округ, Пресненский район"
9686,168979,"город Москва, Большой Николопесковский переулок, дом 5",37.590452 55.750028,"Россия, Москва, Центральный административный округ, район Арбат"
9748,169745,"город Москва, Пяловская улица, дом 7, строение 3",37.540865 55.862631,"Россия, Москва, Северный административный округ, район Западное Дегунино"
9763,169542,"Таганская улица, дом 19, корпус 1",37.663386 55.740107,"Россия, Москва, Центральный административный округ, Таганский район"
9790,169978,"город Москва, улица Полины Осипенко, дом 10, корпус 1",37.535233 55.779757,"Россия, Москва, Северный административный округ, Хорошёвский район"
9815,170232,"город Москва, Большой Кисельный переулок, дом 17/15, строение 1",37.629466 55.764612,"Россия, Москва, Центральный административный округ, Мещанский район"
9843,170371,"город Москва, Зюзинская улица, дом 3",37.577175 55.667325,"Россия, Москва, Юго-Западный административный округ, район Черёмушки"
9915,170767,"город Москва, Малый Толмачёвский переулок, дом 8/11, строение 3",37.619207 55.74114,"Россия, Москва, Центральный административный округ, район Якиманка"
9927,170938,"город Москва, улица Знаменские Садки, дом 1А",37.574327 55.571968,"Россия, Москва, Юго-Западный административный округ, район Северное Бутово, 2-й микрорайон"
9966,171174,"город Москва, 30-й километр Московской Кольцевой Автодороги, владение 6",0 0,
9967,171176,"город Москва, 31-й километр Московской Кольцевой Автодороги, владение 8, строение 1",0 0,
9992,171471,"город Москва, Никитский переулок, дом 7, строение 2",37.610772 55.757749,"Россия, Москва, Центральный административный округ, Тверской район"
9997,171540,"город Москва, 78-й километр Московской Кольцевой Автодороги, дом 14, корпус 1",0 0,
9998,171555,"Коровинское шоссе, дом 46, корпус 1",37.5145 55.889169,"Россия, Москва, Северный административный округ, Дмитровский район"
10009,171644,"город Москва, Фролов переулок, дом 2",37.635611 55.765063,"Россия, Москва, Центральный административный округ, Красносельский район"
10054,172152,"город Москва, 5-й Монетчиковский переулок, дом 7",37.632089 55.732033,"Россия, Москва, Центральный административный округ, район Замоскворечье"
10142,172679,"город Москва, Ялтинская улица, дом 2",37.610619 55.651364,"Россия, Москва, Южный административный округ, Нагорный район"
10170,23812,"город Москва, 34-й километр Московской Кольцевой Автодороги, владение 6",0 0,
10200,171031,"Тушинская улица, дом 16, строение 2",37.443632 55.82753,"Россия, Москва, Северо-Западный административный округ, район Покровское-Стрешнево"
10226,185632,"город Москва, Боровая улица, дом 10, корпус 2",37.714033 55.770877,"Россия, Москва, Юго-Восточный административный округ, район Лефортово, 2-й микрорайон"
10241,188085,"город Москва, Бродников переулок, дом 10, корпус 2",37.616189 55.737015,"Россия, Москва, Центральный административный округ, район Якиманка"
10259,179098,"город Москва, 4-я Гражданская улица, дом 43, корпус 2",37.720762 55.807208,"Россия, Москва, Восточный административный округ, район Богородское"
10290,179285,"город Москва, Жигулёвская улица, дом 5, корпус 3",37.764968 55.71093,"Россия, Москва, Юго-Восточный административный округ, район Кузьминки"
10306,183836,"город Москва, улица Анатолия Живова, дом 10",37.55187 55.760125,"Россия, Москва, Центральный административный округ, Пресненский район, комплекс жилых домов Нижняя Пресня"
10321,189611,"город Москва, улица Академика Комарова, дом 5А",37.594908 55.829092,"Россия, Москва, Северо-Восточный административный округ, район Марфино"
10370,184359,"город Москва, улица Медиков, дом 16",37.677499 55.63318,"Россия, Москва, Южный административный округ, район Царицыно"
10389,179443,"город Москва, Молодёжная улица, дом 4",37.547836 55.693789,"Россия, Москва, Юго-Западный административный округ, Гагаринский район"
10425,190027,"город Москва, улица Можайский Вал, дом 6",37.557125 55.745098,"Россия, Москва, Западный административный округ, район Дорогомилово"
10467,174488,"город Москва, Сумская улица, дом 2/12",37.608005 55.623824,"Россия, Москва, Южный административный округ, район Чертаново Северное"
10481,174448,"город Москва, Архангельский переулок, дом 7, строение 1",37.637722 55.761259,"Россия, Москва, Центральный административный округ, Басманный район"
10568,184803,"город Москва, улица Пржевальского, дом 2",37.451788 55.681823,"Россия, Москва, Западный административный округ, район Очаково-Матвеевское"
10570,189486,"город Москва, улица Раевского, дом 3",37.553199 55.74487,"Россия, Москва, Западный административный округ, район Дорогомилово"
10599,183874,"город Москва, улица Недорубова, дом 5",37.930042 55.700116,"Россия, Москва, Юго-Восточный административный округ, район Некрасовка, микрорайон Люберецкие Поля, 5-й квартал"
10634,185464,"город Москва, Большой Симоновский переулок, дом 2",37.672729 55.728211,"Россия, Москва, Центральный административный округ, Таганский район, жилой комплекс На Симоновском"
10682,179279,"город Москва, Спартаковский переулок, дом 2, строение 1",37.672379 55.778487,"Россия, Москва, Центральный административный округ, Красносельский район"
10706,183355,"город Москва, Малый Златоустинский переулок, дом 3, строение 3",37.633751 55.758407,"Россия, Москва, Центральный административный округ, Басманный район"
10712,187726,"Ленинградский проспект, дом 37, корпус 4",37.545087 55.793627,"Россия, Москва, Северный административный округ, Хорошёвский район"
10788,175527,"город Москва, 2-й Балтийский переулок, дом 3",37.523339 55.808361,"Россия, Москва, Северный административный округ, район Аэропорт"
10803,189840,"город Москва, Малый Конюшковский переулок, дом 2",37.580193 55.75824,"Россия, Москва, Центральный административный округ, Пресненский район"
10826,28845,"город Москва, 8-я улица Соколиной Горы, дом 5А",37.733257 55.768532,"Россия, Москва, Восточный административный округ, район Соколиная Гора"
10852,187668,"Ленинградский проспект, дом 39, строение 2",37.539868 55.790555,"Россия, Москва, Северный административный округ, Хорошёвский район"
10857,177672,"город Москва, Козицкий переулок, дом 1А, строение 2",37.60814 55.764784,"Россия, Москва, Центральный административный округ, Тверской район"
10959,173155,"Садовая-Сухаревская улица, дом 2/34, строение 2",37.621947 55.773317,"Россия, Москва, Центральный административный округ, Мещанский район"
10978,188968,"город Москва, улица Шумилова, дом 9",37.775811 55.708298,"Россия, Москва, Юго-Восточный административный округ, район Кузьминки"
11043,176042,"город Москва, Газгольдерная улица, дом 6",37.733635 55.728236,"Россия, Москва, Юго-Восточный административный округ, Нижегородский район"
11067,21116,"город Москва, 8-й проезд Марьиной Рощи, дом 30, строение 1",37.60452 55.802189,"Россия, Москва, Северо-Восточный административный округ, район Марьина Роща"
11111,174933,"город Москва, проезд Нансена, владение 3Б",37.653235 55.849413,"Россия, Москва, Северо-Восточный административный округ, район Свиблово"
11123,183018,"город Москва, Нововладыкинский проезд, дом 8, строение 5",37.57492 55.851429,"Россия, Москва, Северо-Восточный административный округ, район Отрадное"
11128,28737,"город Москва, улица Советской Армии, дом 9",37.615991 55.788905,"Россия, Москва, Северо-Восточный административный округ, район Марьина Роща"
11131,28743,"город Москва, 5-й проезд Марьиной Рощи, дом 15А, строение 1",37.620528 55.797761,"Россия, Москва, Северо-Восточный административный округ, район Марьина Роща"
11230,28300,"город Москва, 2-я улица Энтузиастов, дом 5",37.729017 55.750185,"Россия, Москва, Восточный административный округ, район Перово"
11615,175550,"улица Сергея Макеева, дом 9, строение 2",37.550567 55.761644,"Россия, Москва, Центральный административный округ, Пресненский район, жилой комплекс Редсайд"
11671,182680,"город Москва, Садовнический проезд, дом 6",37.629206 55.741571,"Россия, Москва, Центральный административный округ, район Замоскворечье"
11679,174168,"город Москва, Малая Андроньевская улица, дом 20/8, строение 1-1А",37.672594 55.7422,"Россия, Москва, Центральный административный округ, Таганский район"
11890,187742,"город Москва, улица Авиаконструктора Микояна, дом 12",37.527588 55.792589,"Россия, Москва, Северный административный округ, Хорошёвский район"
11915,182311,"город Москва, Северодвинская улица, дом 20",37.675154 55.893647,"Россия, Москва, Северо-Восточный административный округ, район Северное Медведково"
11943,172930,"город Москва, 4-й Кожевнический переулок, дом 4",37.649085 55.725143,"Россия, Москва, Южный административный округ, Даниловский район"
12016,183526,"город Москва, Малая Тульская улица, дом 57",37.617321 55.701638,"Россия, Москва, Южный административный округ, Донской район"
12154,192763,"город Москва, Мерзляковский переулок, дом 15",37.59648 55.756721,"Россия, Москва, Центральный административный округ, Пресненский район, 209-й квартал"
12159,190918,"город Москва, Электрический переулок, дом 8, строение 2",37.57687 55.771712,"Россия, Москва, Центральный административный округ, Пресненский район"
12182,192097,"город Москва, улица Старые Кузьминки, дом 10",37.786896 55.690588,"Россия, Москва, Юго-Восточный административный округ, район Кузьминки"
12210,26414,"город Москва, Гранатный переулок, дом 7, строение 1",37.590506 55.75937,"Россия, Москва, Центральный административный округ, Пресненский район"
12275,194986,"город Москва, улица Атарбекова, дом 4А",37.707934 55.796547,"Россия, Москва, Восточный административный округ, район Преображенское"
12299,201930,"город Москва, проезд Донелайтиса, дом 30",37.420482 55.846108,"Россия, Москва, Северо-Западный административный округ, район Южное Тушино"
12345,198917,"город Москва, улица Маршала Мерецкова, дом 4",37.490299 55.793748,"Россия, Москва, Северо-Западный административный округ, район Щукино"
12363,197775,"город Москва, 2-я Прядильная улица, дом 4",37.776916 55.79516,"Россия, Москва, Восточный административный округ, район Измайлово"
12465,201978,"город Москва, Челюскинская улица, дом 13",37.706766 55.883807,"Россия, Москва, Северо-Восточный административный округ, Лосиноостровский район"
12476,200619,"город Москва, улица Захарьинские Дворики, дом 1, корпус 1",37.576412 55.503767,"Россия, Москва, Юго-Западный административный округ, район Южное Бутово, 1-й микрорайон Щербинки"
12490,201200,"город Москва, Базовая улица, дом 2, корпус 1",37.261857 55.61448,"Россия, Москва, Западный административный округ, район Внуково, микрорайон Северо-Западный"
12492,203587,"город Москва, Симферопольский проезд, дом 18",37.613952 55.665162,"Россия, Москва, Южный административный округ, Нагорный район"
12538,193116,"город Москва, Скатертный переулок, дом 13",37.594647 55.755753,"Россия, Москва, Центральный административный округ, Пресненский район, 207-й квартал"
12600,27567,"город Москва, 3-й Лихачёвский переулок, дом 2А",37.516844 55.846851,"Россия, Москва, Северный административный округ, Головинский район"
12700,194758,"город Москва, улица Кухмистерова, дом 20, корпус 2",37.730041 55.683067,"Россия, Москва, Юго-Восточный административный округ, район Печатники"
12704,202752,"Николоямская улица, дом 38/14/23, строение 3",37.658491 55.747069,"Россия, Москва, Центральный административный округ, Таганский район"
12730,198119,"город Москва, Народный проспект, дом 17, строение 24",37.754269 55.774603,"Россия, Москва, Восточный административный округ, район Измайлово"
12813,194975,"город Москва, 1-й Лучевой просек, дом 1",37.66927 55.795423,"Россия, Москва, Восточный административный округ, район Сокольники"
12845,200126,"город Москва, проспект 40 лет Октября, дом 7, строение 2",37.746409 55.68158,"Россия, Москва, Юго-Восточный административный округ, район Люблино"
12907,195686,"город Москва, улица Айвазовского, владение 7, строение 1",37.54003 55.613656,"Россия, Москва, Юго-Западный административный округ, район Ясенево"
12918,195570,"город Москва, Тарусская улица, дом 10",37.533786 55.60938,"Россия, Москва, Юго-Западный административный округ, район Ясенево"
12962,201719,"город Москва, Производственная улица, дом 1, корпус 1, строение 1",37.381028 55.649647,"Россия, Москва, Западный административный округ, район Солнцево, 4-й микрорайон"
12982,200506,"город Москва, улица Максимова, дом 18",37.464985 55.796688,"Россия, Москва, Северо-Западный административный округ, район Щукино"
12988,201607,"город Москва, Парусный проезд, дом 5, строение 1",37.449884 55.846937,"Россия, Москва, Северо-Западный административный округ, район Южное Тушино"
13012,199505,"город Москва, Мишина улица, дом 35",37.561931 55.796638,"Россия, Москва, Северный административный округ, Савёловский район"
13037,193142,"город Москва, Ижорский проезд, дом 17",37.522108 55.890765,"Россия, Москва, Северный административный округ, Дмитровский район"
13108,200373,"город Москва, Канатчиковский проезд, владение 5",37.592482 55.702368,"Россия, Москва, Южный административный округ, Донской район"
13112,197252,"город Москва, 1-й Кожевнический переулок, дом 6, строение 1",37.645959 55.726639,"Россия, Москва, Южный административный округ, Даниловский район"
13273,203786,"город Москва, Машкинское шоссе, дом 7",37.386867 55.910483,"Россия, Москва, Северо-Западный административный округ, район Куркино"
13297,201340,"город Москва, Тестовская улица, дом 1",37.533068 55.747931,"Россия, Москва, Центральный административный округ, Пресненский район, Московский международный деловой центр Москва-Сити"
13377,200852,"город Москва, Малый Путинковский переулок, дом 1/2, строение 1",37.608185 55.766283,"Россия, Москва, Центральный административный округ, Тверской район"
13546,220355,"город Москва, 2-я Квесисская улица, дом 23",37.574893 55.794629,"Россия, Москва, Северный административный округ, Савёловский район"
13576,214899,"город Москва, 2-я улица Марьиной Рощи, дом 22",37.620186 55.799674,"Россия, Москва, Северо-Восточный административный округ, район Марьина Роща"
13594,207407,"город Москва, 2-й Новоподмосковный переулок, дом 8",37.509478 55.819049,"Россия, Москва, Северный административный округ, Войковский район"
13618,209546,"город Москва, Посланников переулок, дом 9, строение 5",37.683194 55.770831,"Россия, Москва, Центральный административный округ, Басманный район"
13627,206740,"город Москва, Рижский проезд, дом 7",37.660611 55.814143,"Россия, Москва, Северо-Восточный административный округ, Алексеевский район"
13664,223192,"город Москва, 2-я Филёвская улица, дом 13",37.490057 55.73923,"Россия, Москва, Западный административный округ, район Филёвский Парк"
13747,213415,"город Москва, улица Льва Яшина, дом 5, корпус 1",37.923044 55.698224,"Россия, Москва, Юго-Восточный административный округ, район Некрасовка, микрорайон Люберецкие Поля, 7-й квартал"
13775,149462,"город Москва, Композиторская улица, дом 17",37.586302 55.751224,"Россия, Москва, Центральный административный округ, район Арбат"
13847,215587,"город Москва, 3-я Северная линия, дом 3",37.553136 55.942575,"Россия, Москва, Северо-Восточный административный округ, район Северный"
13852,223395,"город Москва, Яхромская улица, дом 3",37.538916 55.883449,"Россия, Москва, Северный административный округ, Дмитровский район, 18-й микрорайон"
13861,213352,"город Москва, Миусская площадь, дом 9, строение 8",37.596588 55.778978,"Россия, Москва, Центральный административный округ, Тверской район"
13866,211492,"город Москва, 1-й Спасоналивковский переулок, дом 8, строение 2",37.616701 55.7333,"Россия, Москва, Центральный административный округ, район Якиманка"
13902,210161,"город Москва, 4-й Вятский переулок, дом 10",37.576241 55.801541,"Россия, Москва, Северный административный округ, Савёловский район"
13903,214005,"город Москва, Софийская набережная, дом 30, строение 1",37.621354 55.747961,"Россия, Москва, Центральный административный округ, район Якиманка"
13918,205867,"город Москва, Винницкая улица, дом 1",37.49683 55.698041,"Россия, Москва, Западный административный округ, район Раменки"
13939,222361,"город Москва, проезд Якушкина, дом 7",37.611131 55.861029,"Россия, Москва, Северо-Восточный административный округ, район Отрадное"
13955,214778,"город Москва, Сеченовский переулок, дом 7А",37.594692 55.740694,"Россия, Москва, Центральный административный округ, район Хамовники, 150-й квартал"
14060,207516,"город Москва, Староникольская улица, дом 14А",37.544746 55.509844,"Россия, Москва, Юго-Западный административный округ, район Южное Бутово, деревня Староникольское"
14114,213535,"город Москва, 1-й Силикатный проезд, дом 13",37.510439 55.767863,"Россия, Москва, Северо-Западный административный округ, район Хорошёво-Мнёвники"
14227,208805,"город Москва, 3-й Угрешский проезд, дом 8, строение 2",37.699822 55.712315,"Россия, Москва, Юго-Восточный административный округ, район Печатники"
14440,211368,"город Москва, улица Линии Октябрьской Железной Дороги, дом 2, строение 2",37.572082 55.838819,"Россия, Москва, Северный административный округ, Тимирязевский район"
14462,216767,"город Москва, 80-й километр Московской Кольцевой Автодороги, дом 4, строение 1",0 0,
14704,214324,"город Москва, 2-й Кадашёвский переулок, дом 16, строение 1",37.621902 55.743745,"Россия, Москва, Центральный административный округ, район Якиманка"
15015,208239,"поселение ""Мосрентген"", деревня Дудкино, владение 1",37.454259 55.630949,"Россия, Москва, поселение Мосрентген, квартал № 12"
